연번,호선,역번호,역명,2020년1월,2020년2월,2020년3월,2020년4월,2020년5월,2020년6월,2020년7월,2020년8월,2020년9월,2020년10월,2020년11월,2020년12월
1,1,150,서울역(1),2693673,1918276,1363503,1533520,1798355,1877204,2038227,1692129,1447763,1807644,1888033,1402334
2,1,151,시청(1),1293070,1016789,796522,782470,859599,931283,1010041,823577,766640,888395,958304,770691
3,1,152,종각,2276136,1806646,1376860,1478164,1625360,1763985,1929707,1513559,1283097,1584709,1637108,1223036
4,1,153,종로3가(1),1563603,1149824,885239,985726,1107878,1097876,1235093,977069,850783,1046285,1047124,773394
5,1,154,종로5가,1374568,1041800,863231,944564,1071374,1073479,1147911,922875,898529,1020950,1000503,849052
6,1,155,동대문(1),678244,497255,415440,474229,553463,540018,556511,450799,460154,549120,528028,418127
7,1,156,신설동(1),712833,609953,521043,548769,608510,638997,653515,525676,531783,601001,587896,512879
8,1,157,제기동,1062617,743164,637782,732189,801860,777475,820035,696658,805493,841643,823428,685236
9,1,158,청량리,1241350,907325,776232,866742,969501,962912,1010722,867914,906055,979705,962549,802200
10,1,159,동묘앞(1),504260,369274,341656,400430,454431,435295,438707,346596,388501,477861,432711,354536
11,2,201,시청(2),1075475,925271,766576,754860,791864,869770,930689,761191,719701,796234,869137,713018
12,2,202,을지로입구,2181015,1634168,1243291,1286564,1384004,1528176,1637322,1349913,1235686,1408880,1489711,1259388
13,2,203,을지로3가(2),971915,839144,669707,690216,729420,798012,875490,697925,635348,730822,778912,632981
14,2,204,을지로4가(2),532113,451236,386287,404821,435752,460849,486038,398621,407510,433665,455003,408498
15,2,205,동대문역사문화공원(2),659140,500393,367381,390414,444595,461364,485823,391600,377805,455895,454638,361304
16,2,206,신당(2),618806,526338,455314,479318,523490,532785,562591,477201,471504,526226,531851,452858
17,2,207,상왕십리,605287,520502,444028,465353,509103,536476,572122,483926,458452,518789,536169,448200
18,2,208,왕십리(2),717917,602484,491782,520206,573116,585496,634777,532051,479512,575094,582815,444076
19,2,209,한양대,360771,271126,229974,247033,279133,336947,304031,251932,247371,316295,331180,246809
20,2,210,뚝섬,864989,788527,729563,751338,778703,816407,885049,719336,706758,798924,833563,677093
21,2,211,성수,1394910,1283586,1195777,1202862,1230325,1322167,1423161,1185803,1155859,1260806,1335073,1137277
22,2,212,건대입구(2),1681271,1314077,1106329,1181607,1278475,1265522,1406952,1165842,1025199,1290792,1281367,946489
23,2,213,구의,976851,853356,754501,780507,836785,870060,915142,777350,730646,821816,842056,725664
24,2,214,강변,1717866,1263588,948343,1030026,1226425,1221878,1316464,1118230,953733,1192620,1175912,871850
25,2,215,잠실나루,640327,501841,411242,439434,497956,531907,568115,462821,434932,505364,516179,420466
26,2,216,잠실(2),3331168,2477304,1994303,2065523,2333769,2327263,2573056,2150579,1866348,2363573,2383270,1814784
27,2,217,잠실새내,950850,774767,618022,669667,740809,762216,816175,676812,608895,724305,734427,590874
28,2,218,종합운동장(2),409062,279811,202526,215177,260587,273423,303268,267452,219173,316314,305898,204552
29,2,219,삼성,2384469,1928533,1462338,1539104,1723317,1949897,2110779,1748863,1488002,1743297,1887350,1470169
30,2,220,선릉,2128726,1917515,1636794,1704078,1803597,1964972,2083633,1694778,1576413,1764949,1883101,1584080
31,2,221,역삼,2119959,1908476,1570188,1607449,1703788,1875590,2036966,1673099,1527307,1674512,1817684,1531490
32,2,222,강남,4219012,3441705,2644032,2849510,3044187,3168527,3631435,2923102,2358768,2951060,3062257,2248328
33,2,223,교대(2),1425964,1210816,1023679,1054254,1166783,1260404,1343736,1091809,1009657,1147721,1217049,976252
34,2,224,서초,891394,785042,606003,636253,745161,821356,825299,679619,629557,736601,806627,625374
35,2,225,방배,697630,584950,477897,510624,573433,617051,635167,523680,508324,606380,640993,480807
36,2,226,사당(2),1692241,1373329,1112368,1216619,1357670,1389077,1494128,1224217,1112302,1367361,1363849,1031176
37,2,227,낙성대,1175115,1010428,856065,911958,996923,1035221,1095802,940039,886560,1009327,1021890,846234
38,2,228,서울대입구,2078901,1784273,1494313,1588699,1746429,1799392,1925359,1633835,1503789,1757538,1762353,1430186
39,2,229,봉천,989328,868007,742377,787259,859676,882795,927834,809902,773016,860679,874917,745284
40,2,230,신림,2827970,2436872,2097656,2196050,2359007,2398497,2510121,2206589,2074701,2343778,2373344,2014819
41,2,231,신대방,1173346,992900,860146,912472,993321,1014929,1059627,928532,891771,997926,1002071,862968
42,2,232,구로디지털단지,2668546,2312812,1950262,2030549,2171805,2301803,2447892,2076762,1958211,2219957,2298865,1917789
43,2,233,대림(2),1142081,881160,743589,812635,913843,931078,977905,858031,829077,941072,937458,790306
44,2,234,신도림,2503167,2063576,1568995,1743970,1975765,2037750,2184257,1850197,1680419,1972703,2006197,1613440
45,2,235,문래,898429,786565,679888,714780,774579,833194,885228,732447,699266,792362,827446,682047
46,2,236,영등포구청(2),914116,818015,715385,741388,786582,842869,886936,742641,722504,803152,843477,727190
47,2,237,당산,834229,735468,636083,678354,722243,754230,791720,641818,621561,721756,728911,584845
48,2,238,합정(2),1462261,1257948,1030281,1100901,1168715,1218884,1327953,1098169,988754,1205971,1211088,908431
49,2,239,홍대입구,3693204,2765162,1888818,2073467,2045873,2108375,2495903,2085814,1687761,2308517,2227235,1502709
50,2,240,신촌,1966207,1554887,1144598,1226525,1300279,1324932,1529730,1278629,1038473,1306243,1313776,1010794
51,2,241,이대,701329,553127,369183,397501,460531,481061,518622,437774,401926,506581,521652,389543
52,2,242,아현,412979,346036,288477,309486,349818,374193,391522,329638,328762,375621,384087,315296
53,2,243,충정로(2),428649,381288,316402,316803,347295,369301,392012,323480,317126,354085,373324,307293
54,2,244,용답,104571,85510,77546,80482,89530,92204,98534,84259,82127,91448,95203,80149
55,2,245,신답,57684,50729,44858,46297,49730,52021,54302,45844,43672,49121,50461,43310
56,2,246,신설동(2),180856,148030,118874,126913,141042,139272,146624,120164,119866,137632,142708,117710
57,2,247,도림천,56767,51344,43349,45677,49371,54109,58855,50010,48555,52978,54358,50383
58,2,248,양천구청,330108,271107,216118,234700,266255,275890,297312,243688,234705,275017,279466,228995
59,2,249,신정네거리,447084,374979,313195,340672,383333,395013,421496,361007,346342,398120,401261,339425
60,2,250,용두,97596,78430,68834,71444,77764,79382,83245,73004,75426,76535,79123,71282
61,3,309,지축,96346,103895,109217,123129,136773,143964,150079,119594,117685,137149,136280,114570
62,3,310,구파발,998626,816746,666319,755187,837950,878510,931448,761413,732715,869563,849440,695812
63,3,311,연신내(3),1766016,1486348,1280527,1361479,1489377,1519517,1586874,1336948,1286124,1478075,1468847,1238592
64,3,312,불광(3),775644,644095,550488,592978,659142,669559,693919,587586,579752,673315,666253,556663
65,3,313,녹번,580813,492131,426134,449220,494791,539349,584695,495429,480866,545194,561782,478820
66,3,314,홍제,804089,673707,578274,625425,692585,711043,738409,617304,605367,699257,702401,585388
67,3,315,무악재,180060,152078,129753,138535,151713,158721,168056,140404,135691,157333,159296,134163
68,3,316,독립문,341209,264342,222856,253836,288846,290863,302560,252685,246148,308287,294818,235699
69,3,317,경복궁,1069143,785886,561192,626985,720455,738396,807425,652306,593187,778953,818276,564160
70,3,318,안국,1128400,840427,601536,656801,760102,796911,879567,686117,616062,819723,855071,572312
71,3,319,종로3가(3),550048,445954,379482,385127,406885,431784,478313,372183,346316,405727,419178,332891
72,3,320,을지로3가(3),456239,391100,316157,324271,349403,378112,410784,324622,304023,339066,358989,300045
73,3,322,동대입구,508195,356705,284327,295720,320848,338531,348651,295109,285011,343940,363117,281769
74,3,323,약수(3),594000,504712,423510,443356,487356,513930,545199,456623,432926,495354,506848,415764
75,3,324,금호,375586,317581,268230,286132,316325,326567,347698,294629,278666,318953,323643,268994
76,3,325,옥수,443219,365566,308591,337868,381992,395466,422061,348295,335060,387420,386895,310948
77,3,326,압구정,1687198,1394326,1126092,1180268,1302344,1383237,1506085,1275833,1198882,1335824,1367871,1164362
78,3,327,신사,1678142,1442592,1156618,1202187,1327794,1383942,1497911,1228986,1133819,1335981,1376372,1100705
79,3,328,잠원,275461,226804,179975,198798,230938,241344,251112,206356,188915,210916,201596,154882
80,3,329,고속터미널(3),2631674,1721050,1197781,1437012,1788600,1740254,1909456,1664014,1366175,1757669,1720149,1324007
81,3,330,교대(3),563024,475602,406078,421389,460979,502913,540922,431290,401747,463621,492246,390755
82,3,331,남부터미널,1685795,1335900,1043339,1120253,1257368,1315449,1436573,1203899,1080367,1265706,1326115,1050692
83,3,332,양재,1932793,1665177,1364526,1419567,1566342,1697421,1788046,1454414,1395807,1592044,1684763,1371590
84,3,333,매봉,539029,469323,401939,410847,447558,498827,531321,443690,422260,477712,509701,433580
85,3,334,도곡,253524,209643,165383,175295,202618,221928,233427,189212,183119,208455,220561,179478
86,3,335,대치,556976,453193,320564,355273,410553,428367,466779,404659,345901,424540,440702,338038
87,3,336,학여울,97588,78393,53796,58976,67321,97463,92599,67655,59136,84781,93095,56804
88,3,337,대청,430877,365759,297169,313847,349095,385480,409232,331847,312042,363363,377041,312391
89,3,338,일원,454665,364069,282029,307815,337904,377133,409839,338096,319556,370762,383818,319157
90,3,339,수서,825020,647863,494276,556160,656043,685965,732017,614655,554577,666437,693979,531081
91,3,340,가락시장(3),420046,333477,277265,298559,332690,352426,372935,307173,302078,337654,349350,286583
92,3,341,경찰병원,375572,315314,260824,274890,299162,324460,346686,288004,270267,303552,314814,268340
93,3,342,오금(3),265211,226293,188465,197551,217848,232782,245343,202313,192836,219509,225131,185098
94,4,409,당고개,522634,447317,394832,413539,457551,461604,492972,417731,407802,465506,460598,390860
95,4,410,상계,845360,721520,635885,661978,723003,744314,790627,666263,637647,729559,739319,626450
96,4,411,노원(4),890723,748490,608175,649610,717339,731138,776653,643603,580735,702206,707253,566675
97,4,412,창동,1318893,1101080,945647,984239,1101687,1143088,1218939,1011828,954644,1083060,1102751,913869
98,4,413,쌍문,1362091,1169936,1029382,1063130,1143107,1180906,1238830,1053020,1008424,1134671,1159567,998408
99,4,414,수유,1626958,1396775,1227863,1267810,1364221,1391836,1462957,1248841,1192155,1357461,1373313,1182927
100,4,415,미아,683400,586877,515328,533945,585714,612031,632302,530157,524329,591369,596348,509917
101,4,416,미아사거리,1305533,1105783,956972,1004895,1107531,1138805,1195244,1002847,961954,1101084,1113971,943860
102,4,417,길음,943706,778950,655625,689412,767977,822317,850535,699749,679354,790803,809093,663639
103,4,418,성신여대입구,975191,769843,660458,699065,786583,803113,854053,702105,654287,788514,800941,629631
104,4,419,한성대입구,652517,542961,456563,487186,548613,576165,601263,486651,478085,567341,589411,460960
105,4,420,혜화,1913327,1404362,1011226,1098706,1293369,1309900,1472711,1215478,1059837,1340022,1394008,981771
106,4,421,동대문(4),986800,791085,690640,757107,837567,857982,924066,690789,713252,803501,783903,682645
107,4,422,동대문역사문화공원(4),792301,602537,444769,460445,504533,518573,546548,448123,430676,509853,513713,421650
108,4,423,충무로(4),1263769,1058527,888708,894672,951807,1029550,1061855,865859,860845,957681,1006629,854528
109,4,424,명동,1704229,1130595,611752,636020,728440,775112,817618,658375,622506,784400,794855,609869
110,4,425,회현,1348572,1013560,813341,892925,1019639,1031003,1076230,778206,821791,955261,972631,815196
111,4,426,서울역(4),772209,595222,419159,457618,499598,545639,588817,476567,418244,506378,534498,403015
112,4,427,숙대입구,646759,548632,441771,461054,510184,544957,563617,469298,437361,510478,530154,412733
113,4,428,삼각지(4),223053,190585,157156,162253,175409,188654,198539,165295,153854,177150,183031,148458
114,4,429,신용산,774630,637636,522361,543928,588554,638534,694589,570150,517417,609631,651697,490104
115,4,430,이촌,453899,316223,230250,250215,303732,308496,344188,301952,261576,332122,326691,242998
116,4,431,동작,123129,102837,104004,116855,131658,135261,137131,107555,114715,125173,121494,98593
117,4,432,이수(총신대입구),1113255,925043,756484,813089,907376,935818,986132,828365,778930,894704,895030,732714
118,4,433,사당(4),1201032,977265,784942,854616,956663,972358,1047703,857647,775867,962162,965844,725450
119,4,434,남태령,63385,50597,35441,40431,48172,48858,54070,44997,43101,51415,51388,39539
120,5,2511,방화,301025,254201,214783,227354,250526,266070,282004,237309,222465,258363,260515,215117
121,5,2512,개화산,245911,211835,186029,188143,193032,200383,210906,179744,171877,196435,195566,169157
122,5,2513,김포공항(5),341336,232323,170359,180827,223820,238387,262980,257667,209165,273967,272529,215948
123,5,2514,송정,291079,240116,207644,223975,240456,243916,253444,218836,207607,240095,237693,199268
124,5,2515,마곡,282049,258517,241548,258204,284703,308048,328565,276506,270328,307468,325197,280562
125,5,2516,발산,794031,691495,562285,620733,679786,713151,740117,615348,573865,689313,715169,557348
126,5,2517,우장산,628726,521440,418146,450229,509676,547776,577808,476345,446886,524404,527994,429686
127,5,2518,화곡,1238837,1070669,925517,967030,1046845,1073329,1127474,965720,916829,1039398,1061776,904946
128,5,2519,까치산(5),1349834,1162999,1021870,1067237,1155471,1181144,1240481,1073747,1033035,1157951,1161189,996655
129,5,2520,신정,544661,471757,411918,427580,464935,491408,522229,448773,429273,484271,498944,426712
130,5,2521,목동,807129,682774,574099,606273,667778,690642,733231,618135,579871,669221,682326,565017
131,5,2522,오목교,1093499,939092,744764,784907,866816,896145,965353,819691,745955,882904,908092,728077
132,5,2523,양평(5),290718,264946,238479,243558,255305,276194,290636,242433,234281,255699,270279,239768
133,5,2524,영등포구청(5),134944,121073,110905,113007,121698,129770,137583,114955,113648,124410,128319,112575
134,5,2525,영등포시장,416429,345154,277222,289905,316954,323353,349119,299758,278458,321446,339695,289732
135,5,2526,신길(5),143910,130526,116700,119062,127263,134040,141542,123458,118058,135798,143392,123266
136,5,2527,여의도(5),1041493,935761,811904,820932,867839,954607,1016315,832785,784127,866802,937996,793805
137,5,2528,여의나루,329777,289612,399016,408317,459373,443602,463009,262042,276496,364569,306658,229564
138,5,2529,마포,656944,562395,480067,497842,540643,578695,613965,513772,485845,534651,570754,478064
139,5,2530,공덕(5),596311,523415,438910,461095,499878,536400,573276,461243,440265,505831,535930,436225
140,5,2531,애오개,320906,277116,232660,242102,263826,279567,296746,245956,230721,257923,268379,219875
141,5,2532,충정로(5),182295,162463,134494,148360,169195,182523,183199,150419,145286,163144,176664,148554
142,5,2533,서대문,788914,674224,569842,576731,618020,682283,711470,583446,556328,627929,668615,584023
143,5,2534,광화문,1555682,1239660,923976,974059,1074441,1187852,1304481,1048007,886608,1069489,1153797,903691
144,5,2535,종로3가(5),683050,481079,341670,386311,436849,450880,524825,407675,340611,452675,438953,290114
145,5,2536,을지로4가(5),202871,174543,155917,163341,177511,185105,193433,155929,160915,174841,181535,163308
146,5,2537,동대문역사문화공원(5),120034,109518,86456,88152,92959,100551,103141,89269,87850,90905,99205,90448
147,5,2538,청구(5),165241,144124,123449,126830,137992,143385,149940,126728,125942,139114,142359,122069
148,5,2539,신금호,290189,243892,205625,220241,241484,254469,269014,222330,216735,248087,254216,209138
149,5,2540,행당,366737,309584,258679,276417,307535,322184,340053,283128,271725,311434,321929,266133
150,5,2541,왕십리(5),177044,148051,123412,130204,141926,146069,155860,135411,125281,142918,145001,121966
151,5,2542,마장,272979,212948,179020,189286,209489,214658,226082,194624,193920,208514,214119,183012
152,5,2543,답십리,744371,654413,565464,582159,628645,658397,689718,587002,561211,628560,645975,562733
153,5,2544,장한평,886629,772431,661827,682775,729679,774168,811939,690584,662909,734781,767965,667700
154,5,2545,군자(5),476531,416215,365861,380906,409569,421801,444935,377665,361864,413752,419009,355371
155,5,2546,아차산,653853,556067,496480,537118,589872,600878,615484,512559,509343,602835,580904,495653
156,5,2547,광나루,580035,490648,403825,433716,479421,501092,519253,420522,414936,492249,494712,401379
157,5,2548,천호(5),846758,699878,583143,634193,705936,712237,748411,641067,592669,694824,692072,579973
158,5,2549,강동,922685,788566,679259,726229,824246,864581,906374,729555,672243,769366,804420,678461
159,5,2550,길동,351868,298657,257701,272360,306705,313720,329871,286340,269379,304159,315515,271492
160,5,2551,굽은다리,422629,353157,296981,312756,346274,364178,386131,332982,313557,359717,369768,314217
161,5,2552,명일,392083,321779,255320,281980,320680,338197,359017,296487,276674,326059,338868,272195
162,5,2553,고덕,411756,329280,266649,287536,319750,341109,366570,299499,284154,332145,342819,276302
163,5,2554,상일동,662158,588174,556070,619095,691838,744476,788956,565569,510107,590762,614057,512264
164,5,2555,둔촌동,402618,337879,277541,292441,329368,344317,357738,299739,285928,331248,338693,288936
165,5,2556,올림픽공원(5),180567,144158,112635,124347,145380,153331,163469,146644,131192,162659,158502,123805
166,5,2557,방이,330608,275426,222023,235149,264125,279008,295491,246313,226086,270078,276723,221014
167,5,2558,오금(5),135731,119339,104005,109033,123130,134264,139780,116402,112112,127369,131045,107970
168,5,2559,개롱,297540,248233,201169,212140,241114,253534,269182,228509,210909,250208,256940,207017
169,5,2560,거여,341247,286326,244672,256604,286541,306322,325188,275536,268191,305040,316166,264354
170,5,2561,마천,242587,206946,184887,195400,217350,225230,239212,209262,210200,239551,245111,212507
171,5,2563,미사,,,,,,,,291776,383226,476434,514243,440616
172,5,2564,하남풍산,,,,,,,,116224,144982,179691,186566,158974
173,6,2611,응암,826181,711873,624058,652581,706704,736363,778101,660333,636770,722116,735691,635914
174,6,2612,역촌,188420,159185,134836,138551,156043,161468,172042,150834,141743,157715,160597,138480
175,6,2613,불광(6),200187,165085,143868,155352,170519,175160,184932,163239,153993,173669,170426,143479
176,6,2614,독바위,134336,114701,102002,106579,114971,120556,125605,106873,105625,119789,117982,101948
177,6,2616,구산,325190,276485,236810,248332,268110,279627,295704,249355,236288,272797,274776,237918
178,6,2617,새절,604134,513615,441244,467589,510614,533170,555985,473653,454814,519443,528840,447699
179,6,2618,증산,473949,407690,361817,379107,410812,425910,441232,380816,364292,413137,418159,362480
180,6,2619,디지털미디어시티(6),629268,555933,477222,486560,520453,561226,598367,504259,484719,548314,574870,485192
181,6,2620,월드컵경기장,223535,176124,158402,177371,200207,196236,201283,177315,187507,236150,201289,152209
182,6,2621,마포구청,629090,540211,457548,476851,520893,543964,573701,493540,469824,529808,548464,466716
183,6,2622,망원,703570,600710,516539,551402,605603,607642,661488,550012,528999,601857,604380,482912
184,6,2623,합정(6),542526,465121,386492,402849,423985,441688,483994,405443,368668,447333,441414,336907
185,6,2624,상수,495681,410897,312371,326472,334928,360039,396252,338322,280641,345489,350669,259884
186,6,2625,광흥창,401193,335930,273150,286182,316851,335201,353501,298244,278693,315783,330575,270958
187,6,2626,대흥,386054,322042,261093,271033,300257,318435,341776,282054,267201,308325,321318,260164
188,6,2627,공덕(6),775279,671128,564228,587004,632232,678673,726708,594827,570402,645134,675351,550420
189,6,2628,효창공원앞,305512,261700,227657,239012,259620,271621,288325,245909,240380,267094,275234,232008
190,6,2629,삼각지(6),246027,200491,160539,167347,178202,190470,201799,166968,154289,189199,194328,150428
191,6,2630,녹사평,264083,232096,191328,195013,176742,184541,213600,180436,173486,212401,199170,152312
192,6,2631,이태원,792673,614244,470691,460258,358955,364741,437217,389361,347123,478571,434113,314703
193,6,2632,한강진,407304,341378,271710,283910,288639,306539,360872,295169,273368,366936,331186,238897
194,6,2633,버티고개,109334,93012,77848,80972,88208,94818,101246,84615,82263,94993,97029,79418
195,6,2634,약수(6),167515,144825,123580,127448,137369,143342,152870,129035,122725,138273,145435,119994
196,6,2635,청구(6),159803,141056,123805,126921,137098,142063,147733,124273,124642,136967,139527,120723
197,6,2636,신당(6),366702,333198,265016,257899,284050,301790,318843,261204,261876,289921,305113,253341
198,6,2637,동묘앞(6),419950,336402,291421,316364,347061,346430,362634,294533,304969,356345,351218,300775
199,6,2638,창신,155780,133447,116426,121811,131869,144748,150834,122966,122911,138242,146024,119196
200,6,2639,보문,329409,286128,250020,259330,280545,290597,309465,258208,248027,278734,287261,243358
201,6,2640,안암,547145,428161,354693,367691,433079,473566,484391,381042,361661,432193,432460,332009
202,6,2641,고려대,403504,330361,264752,277434,315198,336229,350529,291105,284526,325900,327075,268968
203,6,2642,월곡,578068,481603,417950,432178,475548,493555,514652,423955,414780,468852,490682,408794
204,6,2643,상월곡,298251,245115,214517,225251,249308,260616,270602,225072,224423,254314,263943,223336
205,6,2644,돌곶이,409929,351960,333628,342714,375269,399966,414905,321566,306188,349949,363906,309171
206,6,2645,석계(6),637490,543439,473787,497118,544215,568212,590862,501932,476967,547158,554063,469299
207,6,2646,태릉입구(6),253039,212194,186408,194145,219013,223383,233116,195626,186819,217663,222886,180955
208,6,2647,화랑대,531202,441504,372486,391903,433375,466758,488113,400097,384854,454228,464480,374248
209,6,2648,봉화산,463408,389906,332511,342974,371065,387963,411480,344859,330760,371727,380975,324194
210,7,2711,장암,82315,73276,67583,71079,77656,79900,84808,71691,70648,79743,75519,61853
211,7,2712,도봉산(7),400833,348284,323597,342342,376386,390468,404278,332870,335405,399256,386278,317605
212,7,2713,수락산,581974,499797,449568,471919,517952,530615,552025,471563,454611,524372,515839,440571
213,7,2714,마들,534195,454756,400449,418720,456005,480830,506747,435657,422105,471422,477526,421632
214,7,2715,노원(7),876267,722646,595102,638950,717607,738674,790740,670818,598571,706359,705533,589820
215,7,2716,중계,672999,559404,458343,486361,540121,575382,595719,497129,477642,551980,565549,474696
216,7,2717,하계,822817,681949,569806,605267,676080,707373,742989,626051,586937,686700,697256,581800
217,7,2718,공릉,545942,465695,398570,420092,463028,486713,505380,425655,400739,480380,480836,393822
218,7,2719,태릉입구(7),333803,279345,243012,259265,302708,307878,316450,267850,252369,301684,304975,246609
219,7,2720,먹골,456616,397910,350199,362661,398980,405841,425210,363417,348365,393696,399622,346772
220,7,2721,중화,480417,418971,370293,382170,417043,427278,449013,390001,372337,413448,421311,369603
221,7,2722,상봉(7),743244,650402,568361,592347,641482,654625,688271,593470,564259,647482,655373,559274
222,7,2723,면목,682069,594031,538648,558313,602202,628149,650101,559527,545194,620805,634782,540377
223,7,2724,사가정,696967,606746,545709,570728,621849,634971,663788,580627,572756,655278,659612,575649
224,7,2725,용마산,268817,236321,211226,221420,240427,245382,256349,218651,214397,244589,245150,210285
225,7,2726,중곡,444199,386354,335056,345183,376721,393228,416225,352440,343977,389288,399895,348367
226,7,2727,군자(7),567344,490794,431896,452334,485153,500955,528736,449940,426767,482369,493652,428240
227,7,2728,어린이대공원,559953,449119,378900,399066,453825,464150,477087,407361,393716,475758,502302,394009
228,7,2729,건대입구(7),602381,455427,371673,396942,441155,448103,483492,412938,374953,442693,448656,375950
229,7,2730,뚝섬유원지,318825,261124,328756,350517,406433,393241,405956,260671,291982,341076,294518,231236
230,7,2731,청담,809136,725754,602527,618175,675269,727197,754219,633356,602287,668081,703737,602015
231,7,2732,강남구청,602321,558160,475495,487603,523359,561241,585895,493871,474804,526193,551824,470062
232,7,2733,학동,928997,847912,750430,748383,790298,869896,913965,765241,745041,806123,872308,752632
233,7,2734,논현,785465,703064,618668,635931,672314,713918,750674,631355,601452,679370,704978,594956
234,7,2735,반포,248716,204486,167557,181586,209201,218490,229723,194158,180670,199338,199300,169315
235,7,2736,고속터미널(7),815873,560873,409222,459291,557555,555974,582481,519929,433314,566483,571650,436501
236,7,2737,내방,577030,502276,440101,451481,497788,528098,562043,487135,463663,505645,525764,453491
237,7,2738,이수(7),711160,602798,500356,531313,582360,601060,634610,539722,500070,571943,584433,477017
238,7,2739,남성,484071,413776,356305,375717,415898,430309,449912,388654,372326,418496,428452,362461
239,7,2740,숭실대입구,534323,428697,351564,382369,429353,469495,459006,390702,379810,453935,454554,370373
240,7,2741,상도,446494,371544,309375,325985,358663,377028,400189,345967,329139,367390,384166,321249
241,7,2742,장승배기,429313,362781,305179,319933,355020,364517,385178,331928,312365,350078,357566,303420
242,7,2743,신대방삼거리,676715,584933,507438,531862,575494,600728,629200,545128,524529,581572,596385,516628
243,7,2744,보라매,385871,338032,285763,306597,349370,366130,382398,318798,308511,347709,362133,300730
244,7,2745,신풍,473871,391660,340364,366514,398985,409551,435134,381299,366586,417027,432260,370843
245,7,2746,대림(7),414731,245624,202251,240583,288557,288240,306333,286690,275689,312102,300956,248250
246,7,2747,남구로,676499,559480,496606,514648,552644,575487,604999,535342,530181,565181,585738,526780
247,7,2748,가산디지털단지(7),1786018,1612327,1432983,1509959,1572407,1732219,1807219,1491327,1493017,1618046,1724854,1516429
248,7,2749,철산,1047232,877839,732748,792668,866170,899162,961375,798659,747915,867091,882251,718390
249,7,2750,광명사거리,1098671,902301,779561,825882,902111,911703,958225,822693,804249,883098,890573,766462
250,7,2751,천왕,402376,346479,297697,318477,348432,370476,390571,335511,332086,376697,389199,332582
251,7,2752,온수(7),361221,320869,282978,294034,314873,344837,362274,300130,296592,336458,346947,289433
252,7,2753,까치울,281314,243441,218614,234742,255385,259925,282476,236627,231590,269212,266906,222980
253,7,2754,부천종합운동장,180110,153114,140374,142202,148882,155903,166044,137188,136062,154708,154198,137140
254,7,2755,춘의,367109,325405,293788,299061,306201,326970,349778,304775,306354,328595,341590,309288
255,7,2756,신중동,630425,528081,459326,486235,518752,530184,582182,490261,461952,526214,536207,455931
256,7,2757,부천시청,543507,442110,387205,409868,430087,448374,491721,423125,405192,470685,474238,398798
257,7,2758,상동,608130,489309,402429,435004,467959,468241,522948,445820,406098,483885,493488,389819
258,7,2759,삼산체육관,214588,170566,141361,151743,164485,170856,186290,153226,146887,175234,178503,145025
259,7,2760,굴포천,393356,326874,281518,295748,315733,319104,346081,298407,281536,322885,328209,279160
260,7,2761,부평구청(7),424249,363470,317218,328093,346853,361621,390772,328192,318903,358337,370630,313387
261,8,2811,암사,868302,744803,646737,683592,747247,786187,824365,699170,671013,758198,779642,670027
262,8,2812,천호(8),810145,691165,586357,619140,665173,684547,714826,599877,553506,634761,644110,543749
263,8,2813,강동구청,522478,439539,372498,385823,427381,449769,476962,400157,381688,428202,446004,384804
264,8,2814,몽촌토성,269544,221774,192402,209193,230357,231739,247635,208275,200967,251598,247498,201932
265,8,2815,잠실(8),723737,539466,450159,469088,529124,537697,588868,515155,457016,551969,562368,459565
266,8,2816,석촌(8),401617,333991,286712,301442,329670,337279,357747,302683,287273,332961,339381,284473
267,8,2817,송파,448359,360182,299412,317576,358130,382152,403570,334211,305556,340996,349812,285845
268,8,2818,가락시장(8),382709,311411,271615,288840,310777,323096,341942,281729,288855,319599,327851,281455
269,8,2819,문정,955498,879777,774073,786330,820803,910002,961896,795735,784306,855382,919062,794342
270,8,2820,장지,869939,720149,599446,644865,709242,750058,790248,668717,635606,722524,744086,631803
271,8,2821,복정(8),509178,435386,361048,387819,433789,462864,483328,396227,378824,454916,468473,380196
272,8,2822,산성,248005,213329,187877,198959,223524,234688,231541,223476,246943,309629,304254,245979
273,8,2823,남한산성입구,610793,527672,452666,477604,531347,576198,579735,480888,478947,565052,579100,481599
274,8,2824,단대오거리,488754,420496,362900,378676,414170,425948,441467,370452,359256,409211,425281,366366
275,8,2825,신흥,234405,196095,162948,171786,190828,193964,204538,179947,165373,188617,189952,169380
276,8,2826,수진,261473,210737,165431,175172,193962,200103,215686,188324,176950,202364,205521,179089
277,8,2827,모란(8),169128,132812,110411,124735,138772,138968,145986,123958,120479,142334,136626,114719
278,9,4126,언주,489317,427945,360514,367461,393802,435446,471017,406458,376597,414407,441068,379817
279,9,4127,선정릉,467081,412924,355493,372258,403062,438817,464402,384537,369257,422669,440550,359964
280,9,4128,삼성중앙,324660,286075,237127,249219,270395,301900,329493,271619,252645,285623,300580,251595
281,9,4129,봉은사,958023,740777,537987,571183,661613,743781,820180,704479,563622,682062,750754,569976
282,9,4130,종합운동장(9),238842,194169,156486,165513,185581,197429,212829,178586,157027,186405,190859,156583
283,9,4131,삼전,305709,268857,234281,247173,268409,280811,297424,261087,243629,275183,284564,245347
284,9,4132,석촌고분,270933,232210,204812,214033,233395,247441,264694,228204,213369,240776,251981,218765
285,9,4133,석촌(9),347330,295216,258129,275471,307511,325491,349820,294116,277927,331707,337069,271100
286,9,4134,송파나루,217786,186216,161869,168422,185810,194443,214673,184132,165214,193686,200339,167008
287,9,4135,한성백제,110076,86711,75272,82156,92105,95020,103110,89435,81847,102777,100900,79664
288,9,4136,올림픽공원(9),307807,250792,180552,198901,232471,247266,264841,256992,211535,284048,277386,192446
289,9,4137,둔촌오륜,41996,34213,27042,30350,34404,43485,47700,36710,35931,43335,43675,36730
290,9,4138,중앙보훈병원,440674,374305,315250,333911,374367,414450,443418,365726,337920,388035,396441,333882
